{"cameraMode":{"drawMode":0,"name":"Shaded","section":"Shading Mode"},"sceneLighting":false,"audioPlay":false,"sceneViewState":{"showFog":true,"showMaterialUpdate":false,"showSkybox":true,"showFlares":true,"showImageEffects":true,"showParticleSystems":true},"in2DMode":false,"pivot":{"x":0.0000017881393432617188,"y":1.4238574504852296,"z":-1.4901161193847657e-7},"rotation":{"x":0.0023821184877306225,"y":0.9963930249214172,"z":-0.029900753870606424,"w":0.07938016951084137},"size":7.387247085571289,"orthographic":false}