{"cameraMode":{"drawMode":0,"name":"Shaded","section":"Shading Mode"},"sceneLighting":false,"audioPlay":false,"sceneViewState":{"showFog":true,"showMaterialUpdate":false,"showSkybox":true,"showFlares":true,"showImageEffects":true,"showParticleSystems":true},"in2DMode":false,"pivot":{"x":0.0000017881393432617188,"y":1.4133654832839966,"z":0.0016335844993591309},"rotation":{"x":0.0023821184877306225,"y":0.9963930249214172,"z":-0.029900753870606424,"w":0.07938016951084137},"size":7.351100921630859,"orthographic":false}