{"cameraMode":{"drawMode":0,"name":"Shaded","section":"Shading Mode"},"sceneLighting":false,"audioPlay":false,"sceneViewState":{"showFog":true,"showMaterialUpdate":false,"showSkybox":true,"showFlares":true,"showImageEffects":true,"showParticleSystems":true},"in2DMode":false,"pivot":{"x":-21.991134643554689,"y":5.390777587890625,"z":0.017578125},"rotation":{"x":-0.01499895565211773,"y":-0.010202390141785145,"z":0.00016113639867398888,"w":-0.9998354911804199},"size":5.480849742889404,"orthographic":true}