{"cameraMode":{"drawMode":0,"name":"Shaded","section":"Shading Mode"},"sceneLighting":false,"audioPlay":false,"sceneViewState":{"showFog":true,"showMaterialUpdate":false,"showSkybox":true,"showFlares":true,"showImageEffects":true,"showParticleSystems":true},"in2DMode":false,"pivot":{"x":-0.38597506284713747,"y":8.72225284576416,"z":0.3959609270095825},"rotation":{"x":-0.025048431009054185,"y":0.9749110341072083,"z":-0.16083382070064546,"w":-0.15183378756046296},"size":1.3972716331481934,"orthographic":false}