{"cameraMode":{"drawMode":0,"name":"Shaded","section":"Shading Mode"},"sceneLighting":false,"audioPlay":false,"sceneViewState":{"showFog":true,"showMaterialUpdate":false,"showSkybox":true,"showFlares":true,"showImageEffects":true,"showParticleSystems":true},"in2DMode":false,"pivot":{"x":82.91801452636719,"y":-1.7111256122589112,"z":68.62772369384766},"rotation":{"x":0.039163388311862949,"y":0.954682469367981,"z":-0.256523460149765,"w":0.1457512378692627},"size":8.750080108642579,"orthographic":false}