{"cameraMode":{"drawMode":0,"name":"Shaded","section":"Shading Mode"},"sceneLighting":false,"audioPlay":false,"sceneViewState":{"showFog":true,"showMaterialUpdate":false,"showSkybox":true,"showFlares":true,"showImageEffects":true,"showParticleSystems":true},"in2DMode":false,"pivot":{"x":-16.959999084472658,"y":0.0,"z":-17.959999084472658},"rotation":{"x":-0.33232566714286806,"y":-0.19742369651794434,"z":0.0713522732257843,"w":-0.9195066094398499},"size":42.49726486206055,"orthographic":false}